Shipping Centers,Shipping Center
Local Services,Local Service
Mailbox Centers,Mailbox Center
Printing Services,Printing Service
Furniture Stores,Furniture Store
Shoe Stores,Shoe Store
General Dentistry,General Dentistry
Cosmetic Dentists,Cosmetic Dentist
Sushi Bars,Sushi Bar
Auto Customization,Auto Customization
Vape Shops,Vape Shop
Personal Shopping,Personal Shopping
Truck Rental,Truck Rental
Pet Services,Pet Service
Pet Groomers,Pet Groomer
Women's Clothing,Women's Clothing
Children's Clothing,Children's Clothing
Men's Clothing,Men's Clothing
Cocktail Bars,Cocktail Bar
Trampoline Parks,Trampoline Park
Active Life,Active Life
Eatertainment,Eatertainment
Kids Activities,Kids Activity
Children's Museums,Children's Museum
Pasta Shops,Pasta Shop
DUI Law,DUI Law
Criminal Defense Law,Criminal Defense Law
Weight Loss Centers,Weight Loss Center
Medical Spas,Medical Spa
Candle Stores,Candle Store
Health Markets,Health Market
Local Flavor,Local Flavor
Motorcycle Rental,Motorcycle Rental
Personal Care Services,Personal Care Service
Lawn Services,Lawn Service
Tree Services,Tree Service
Mortgage Lenders,Mortgage Lender
Wine Tours,Wine Tour
Beer Tours,Beer Tour
Food Delivery Services,Food Delivery Service
Parenting Classes,Parenting Class
Specialty Schools,Specialty School
Laundry Services,Laundry Service
Oil Change Stations,Oil Change Station
Medical Centers,Medical Center
Spine Surgeons,Spine Surgeon
Custom Cakes,Custom Cake
Installment Loans,Installment Loan
Organic Stores,Organic Store
Do-It-Yourself Food,Do-It-Yourself Food
Bus Tours,Bus Tour
Airport Shuttles,Airport Shuttle
Art Classes,Art Class
Knitting Supplies,Knitting Supply
Eyelash Service,Eyelash Service
Meditation Centers,Meditation Center
Home Cleaning,Home Cleaning
Office Cleaning,Office Cleaning
Day Spas,Day Spa
Chicken Shop,Chicken Shop
Auto Glass Services,Auto Glass Service
RV Rental,RV Rental
Trailer Dealers,Trailer Dealer
RV Repair,RV Repair
Trailer Repair,Trailer Repair
RV Dealers,RV Dealer
Outdoor Gear,Outdoor Gear
Hookah Bars,Hookah Bar
Car Dealers,Car Dealer
Used Car Dealers,Used Car Dealer
Party Supplies,Party Supply
Team Building Activities,Team Building Activity
Scavenger Hunts,Scavenger Hunt
Coffee Roasteries,Coffee Roastery
Golf Lessons,Golf Lesson
Rest Stops,Rest Stop
Oral Surgeons,Oral Surgeon
Bike Rentals,Bike Rental
Eyebrow Services,Eyebrow Service
Men's Hair Salons,Men's Hair Salon
Windows Installation,Windows Installation
Refinishing Services,Refinishing Service
Pet Training,Pet Training
Food Stands,Food Stand
Seafood Markets,Seafood Market
Registration Services,Registration Service
Historical Tours,Historical Tour
Countertop Installation,Countertop Installation
Hair Loss Centers,Hair Loss Center
Walk-in Clinics,Walk-in Clinic
Middle Eastern,Middle Eastern
Wholesale Stores,Wholesale Store
Brewing Supplies,Brewing Supply
Cosmetology Schools,Cosmetology School
Escape Games,Escape Game
Jewelry Repair,Jewelry Repair
Whiskey Bars,Whiskey Bar
Session Photography,Session Photography
Electronics Repair,Electronics Repair
Mobile Phone Repair,Mobile Phone Repair
Gutter Services,Gutter Service
Insulation Installation,Insulation Installation
Furniture Reupholstery,Furniture Reupholstery
Septic Services,Septic Service
Cannabis Collective,Cannabis Collective
Cannabis Clinics,Cannabis Clinic
Home Window Tinting,Home Window Tinting
Car Window Tinting,Car Window Tinting
Vehicle Wraps,Vehicle Wrap
Transmission Repair,Transmission Repair
Recreation Centers,Recreation Center
Car Stereo Installation,Car Stereo Installation
Challenge Courses,Challenge Course
Pediatric Dentists,Pediatric Dentist
Imported Food,Imported Food
Garage Door Services,Garage Door Service
University Housing,University Housing
Furniture Assembly,Furniture Assembly
Furniture Repair,Furniture Repair
Party Equipment Rentals,Party Equipment Rental
Virtual Reality Centers,Virtual Reality Center
Day Camps,Day Camp
Metal Fabricators,Metal Fabricator
Patio Coverings,Patio Covering
Signmaking,Signmaking
Demolition Services,Demolition Service
Carpet Installation,Carpet Installation
Home Inspectors,Home Inspector
Creperies,Crepery
Tutoring Centers,Tutoring Center
Party Bus Rentals,Party Bus Rental
Appraisal Services,Appraisal Service
Fabric Stores,Fabric Store
Lice Services,Lice Service
Jet Skis,Jet Ski
Boat Charters,Boat Charter
Boat Tours,Boat Tour
Shared Office Spaces,Shared Office Space
Supernatural Readings,Supernatural Reading
Psychic Mediums,Psychic Medium
Watch Repair,Watch Repair
Trophy Shops,Trophy Shop
Motorcycle Repair,Motorcycle Repair
Tapas Bars,Tapas Bar
Gold Buyers,Gold Buyer
Outdoor Furniture Stores,Outdoor Furniture Store
Paint Stores,Paint Store
Smog Check Stations,Smog Check Station
Donation Center,Donation Center
International Grocery,International Grocery
Meat Shops,Meat Shop
RV Parks,RV Park
Kitchen Supplies,Kitchen Supply
Workers Compensation Law,Workers Compensation Law
Water Delivery,Water Delivery
Packing Supplies,Packing Supply
Packing Services,Packing Service
Spiritual Shop,Spiritual Shop
Religious Items,Religious Item
Lighting Stores,Lighting Store
Herbal Shops,Herbal Shop
Commercial Truck Repair,Commercial Truck Repair
Farm Equipment Repair,Farm Equipment Repair
Medical Cannabis Referrals,Medical Cannabis Referral
Home Theatre Installation,Home Theatre Installation
TV Mounting,TV Mounting
Pet Boarding,Pet Boarding
Amateur Sports Teams,Amateur Sports Team
Motorsport Vehicle Dealers,Motorsport Vehicle Dealer
Motorsport Vehicle Repairs,Motorsport Vehicle Repair
Motorcycle Dealers,Motorcycle Dealer
Wine Tasting Room,Wine Tasting Room
Personal Chefs,Personal Chef
Skate Shops,Skate Shop
Floral Designers,Floral Designer
Themed Cafes,Themed Cafe
Water Purification Services,Water Purification Service
Water Suppliers,Water Supplier
Home Network Installation,Home Network Installation
Damage Restoration,Damage Restoration
Excavation Services,Excavation Service
Retirement Homes,Retirement Home
Memory Care,Memory Care
Cycling Classes,Cycling Class
Aerial Fitness,Aerial Fitnes
Car Buyers,Car Buyer
Hearing Aid Providers,Hearing Aid Provider
Financial Advising,Financial Advising
Firearm Training,Firearm Training
Laboratory Testing,Laboratory Testing
Solar Installation,Solar Installation
Plus Size Fashion,Plus Size Fashion
Billing Services,Billing Service
Cardio Classes,Cardio Class
Aerial Tours,Aerial Tour
Interval Training Gyms,Interval Training Gym
Speech Therapists,Speech Therapist
Pool Cleaners,Pool Cleaner
House Sitters,House Sitter
Pet Transportation,Pet Transportation
Digitizing Services,Digitizing Service
Roof Inspectors,Roof Inspector
Airport Lounges,Airport Lounge
Television Service Providers,Television Service Provider
Hong Kong Style Cafe,Hong Kong Style Cafe
Fireplace Services,Fireplace Service
Payroll Services,Payroll Service
General Litigation,General Litigation
Modern European,Modern European
Car Auctions,Car Auction
Pan Asian,Pan Asian
Wine Tasting Classes,Wine Tasting Class
Tasting Classes,Tasting Class
Surf Schools,Surf School
Beach Equipment Rentals,Beach Equipment Rental
Indoor Playcentre,Indoor Playcentre
Bingo Halls,Bingo Hall
Boat Repair,Boat Repair
Massage Schools,Massage School
Childbirth Education,Childbirth Education
Auto Loan Providers,Auto Loan Provider
Grilling Equipment,Grilling Equipment
Cremation Services,Cremation Service
Water Stores,Water Store
Cheese Shops,Cheese Shop
IV Hydration,IV Hydration
Golf Equipment Shops,Golf Equipment Shop
Safe Stores,Safe Store
Horse Equipment Shops,Horse Equipment Shop
Self-defense Classes,Self-defense Class
Float Spa,Float Spa
Fire Protection Services,Fire Protection Service
Aquarium Services,Aquarium Service
Paint-Your-Own Pottery,Paint-Your-Own Pottery
Kitchen Incubators,Kitchen Incubator
Emergency Pet Hospital,Emergency Pet Hospital
Town Car Service,Town Car Service
Clock Repair,Clock Repair
Balloon Services,Balloon Service
Outdoor Power Equipment Services,Outdoor Power Equipment Service
Boat Dealers,Boat Dealer
Kids Hair Salons,Kids Hair Salon
Trailer Rental,Trailer Rental
EV Charging Stations,EV Charging Station
Pet Breeders,Pet Breeder
Home Organization,Home Organization
Battery Stores,Battery Store
Petting Zoos,Petting Zoo
Threading Services,Threading Service
Piano Stores,Piano Store
Piano Services,Piano Service
Musical Instrument Services,Musical Instrument Service
Music Production Services,Music Production Service
Henna Artists,Henna Artist
Customized Merchandise,Customized Merchandise
Grout Services,Grout Service
Ultrasound Imaging Centers,Ultrasound Imaging Center
Sleep Specialists,Sleep Specialist
Dive Shops,Dive Shop
Home Developers,Home Developer
Mobile Home Repair,Mobile Home Repair
Pet Cremation Services,Pet Cremation Service
Clothing Rental,Clothing Rental
Medical Transportation,Medical Transportation
Art Tours,Art Tour
Leisure Centers,Leisure Center
Brasseries,Brasseries
Auto Upholstery,Auto Upholstery
Yelp Events,Yelp Event
Bounce House Rentals,Bounce House Rental
Circuit Training Gyms,Circuit Training Gym
Lactation Services,Lactation Service
Art Space Rentals,Art Space Rental
Piano Bars,Piano Bar
Health Retreats,Health Retreat
Airport Terminals,Airport Terminal
Vacation Rental Agents,Vacation Rental Agent
Valet Services,Valet Service
Commercial Truck Dealers,Commercial Truck Dealer
Traffic Schools,Traffic School
Popcorn Shops,Popcorn Shop
Hydro-jetting,Hydro-jetting
Estate Planning Law,Estate Planning Law
Local Fish Stores,Local Fish Store
Cooking Schools,Cooking School
Ethnic Grocery,Ethnic Grocery
Cooking Classes,Cooking Class
Mobile Dent Repair,Mobile Dent Repair
Bus Rental,Bus Rental
Bird Shops,Bird Shop
Surf Shop,Surf Shop
Home Energy Auditors,Home Energy Auditor
Placenta Encapsulations,Placenta Encapsulation
Shredding Services,Shredding Service
Bartending Schools,Bartending School
Foundation Repair,Foundation Repair
Guitar Stores,Guitar Store
High Fidelity Audio Equipment,High Fidelity Audio Equipment
Social Security Law,Social Security Law
Health Insurance Offices,Health Insurance Office
Dumpster Rental,Dumpster Rental
Attraction Farms,Attraction Farm
Pick Your Own Farms,Pick Your Own Farm
Ticket Sales,Ticket Sale
Photo Booth Rentals,Photo Booth Rental
Skilled Nursing,Skilled Nursing
Auto Security,Auto Security
Restaurant Supplies,Restaurant Supply
Car Brokers,Car Broker
Car Share Services,Car Share Service
Architectural Tours,Architectural Tour
Shaved Snow,Shaved Snow
Pet Waste Removal,Pet Waste Removal
Nanny Services,Nanny Service
Champagne Bars,Champagne Bar
Environmental Abatement,Environmental Abatement
Crane Services,Crane Service
Ethical Grocery,Ethical Grocery
Immunodermatologists,Immunodermatologist
Vehicle Shipping,Vehicle Shipping
Talent Agencies,Talent Agency
Party Bike Rentals,Party Bike Rental
Beverage Store,Beverage Store
Car Inspectors,Car Inspector
Pole Dancing Classes,Pole Dancing Class
Scooter Rentals,Scooter Rental
Pop-up Shops,Pop-up Shop
Photography Classes,Photography Class
Drive-Thru Bars,Drive-Thru Bar
Bike tours,Bike tour
Stucco Services,Stucco Service
Grill Services,Grill Service
CPR Classes,CPR Class
Striptease Dancers,Striptease Dancer
LAN Centers,LAN Center
Trivia Hosts,Trivia Host
Reptile Shops,Reptile Shop
Faith-based Crisis Pregnancy Centers,Faith-based Crisis Pregnancy Center
Traffic Ticketing Law,Traffic Ticketing Law
Commissioned Artists,Commissioned Artist
Baseball Fields,Baseball Field
Pumpkin Patches,Pumpkin Patch
Tenant and Eviction Law,Tenant and Eviction Law
Parent Cafes,Parent Cafe
Debt Relief Services,Debt Relief Service
Editorial Services,Editorial Service
Country Dance Halls,Country Dance Hall
Private Jet Charter,Private Jet Charter
South African,South African
Animal Physical Therapy,Animal Physical Therapy
Golf Cart Dealers,Golf Cart Dealer
Carpet Dyeing,Carpet Dyeing
Holistic Animal Care,Holistic Animal Care
Concept Shops,Concept Shop
Adoption Services,Adoption Service
Unofficial Yelp Events,Unofficial Yelp Event
Electricity Suppliers,Electricity Supplier
Indoor Landscaping,Indoor Landscaping
Game Truck Rental,Game Truck Rental
Backflow Services,Backflow Service
Portable Toilet Services,Portable Toilet Service
DIY Auto Shop,DIY Auto Shop
General Festivals,General Festival
Racing Experience,Racing Experience
Infectious Disease Specialists,Infectious Disease Specialist
Retina Specialists,Retina Specialist
Party Characters,Party Character
Mobile Home Dealers,Mobile Home Dealer
Hybrid Car Repair,Hybrid Car Repair
Spin Classes,Spin Class
Diamond Buyers,Diamond Buyer
Process Servers,Process Server
Aircraft Repairs,Aircraft Repair
Behavior Analysts,Behavior Analyst
Whale Watching Tours,Whale Watching Tour
Art Consultants,Art Consultant
Holiday Decorating Services,Holiday Decorating Service
Elevator Services,Elevator Service
Public Adjusters,Public Adjuster
Sperm Clinic,Sperm Clinic
Golf Cart Rentals,Golf Cart Rental
Vermouth Bars,Vermouth Bar
Furniture Rental,Furniture Rental
Veterans Organizations,Veterans Organization
Elder Care Planning,Elder Care Planning
Mortuary Services,Mortuary Service
Duplication Services,Duplication Service
Aircraft Dealers,Aircraft Dealer
Sport Equipment Hire,Sport Equipment Hire
Fuel Docks,Fuel Dock
Teacher Supplies,Teacher Supply
Oxygen Bars,Oxygen Bar
Apartment Agents,Apartment Agent
Sports Psychologists,Sports Psychologist
Bike Parking,Bike Parking
Beach Bars,Beach Bar
DUI Schools,DUI School
Cannabis Tours,Cannabis Tour
Scooter Tours,Scooter Tour
Cheese Tasting Classes,Cheese Tasting Class
Eastern European,Eastern European
Interlock Systems,Interlock System
Ice Delivery,Ice Delivery
Storefront Clinics,Storefront Clinic
Metal Detector Services,Metal Detector Service
Wildlife Hunting Ranges,Wildlife Hunting Range
Fencing Clubs,Fencing Club
Cucina campana,Cucina campana
Dart Arenas,Dart Arena
Circus Schools,Circus School
Karaoke Rental,Karaoke Rental
Aviation Services,Aviation Service
Dialysis Clinics,Dialysis Clinic
Natural Gas Suppliers,Natural Gas Supplier
Traditional Chinese Medicine
Shipping Centers
Local Services
Mailbox Centers
Printing Services
Department Stores
Furniture Stores
Bubble Tea
Fast Food
Sporting Goods
Shoe Stores
Sports Wear
Religious Organizations
Food Trucks
General Dentistry
Cosmetic Dentists
Sushi Bars
Auto Customization
Vape Shops
Tobacco Shops
Personal Shopping
Car Rental
Truck Rental
Wine Bars
Asian Fusion
Hot Dogs
Pet Services
Pet Groomers
Women's Clothing
Children's Clothing
Men's Clothing
Cocktail Bars
Chicken Wings
Trampoline Parks
Active Life
Dance Wear
Social Clubs
Performing Arts
Eatertainment
Mobile Phones
Mobile Phone Accessories
Kids Activities
Children's Museums
Hair Salons
Hair Extensions
Specialty Food
Pasta Shops
DUI Law
Professional Services
Criminal Defense Law
Laser Hair Removal
Hair Removal
Weight Loss Centers
Sports Medicine
Medical Spas
Skin Care
Candle Stores
Home Decor
Music Venues
Internet Service Providers
Internet Cafes
Real Estate Agents
Home Services
Real Estate
Health Markets
Pet Adoption
Convenience Stores
Sports Bars
Beer Bar
Local Flavor
Motorcycle Rental
Motorcycle Gear
Candy Stores
Financial Services
Personal Care Services
Nail Salons
Tabletop Games
Lounges
Gas Stations
Pet Sitting
Body Shops
Lawn Services
Tree Services
Landscape Architects
Mortgage Brokers
Mortgage Lenders
Physical Therapy
Pest Control
Auction Houses
Beer Gardens
Wine Tours
Beer Tours
Discount Store
Gift Shops
Food Delivery Services
Parenting Classes
Maternity Wear
Specialty Schools
Laundry Services
Hardware Stores
Auto Repair
Oil Change Stations
Medical Centers
Diagnostic Services
Orthopedists
Spine Surgeons
Diagnostic Imaging
Custom Cakes
Car Wash
Auto Detailing
Pain Management
Osteopathic Physicians
Title Loans
Installment Loans
Organic Stores
Do-It-Yourself Food
Bus Tours
Travel Agents
Travel Services
Airport Shuttles
Public Transportation
Internal Medicine
Toy Stores
Hobby Shops
Comic Books
Pressure Washers
Art Classes
Knitting Supplies
Art Supplies
Urgent Care
Basketball Courts
Professional Sports Teams
Video Game Stores
Eyelash Service
Life Coach
Meditation Centers
Home Cleaning
Office Cleaning
Window Washing
Swimming Pools
Hair Stylists
Dog Parks
Day Spas
Shaved Ice
Chicken Shop
Wildlife Control
Vacation Rentals
Auto Glass Services
Makeup Artists
Carpet Cleaning
Mountain Biking
RV Rental
Street Vendors
Trailer Dealers
RV Repair
Trailer Repair
RV Dealers
Outdoor Gear
Officiants
Wedding Planning
Hookah Bars
Car Dealers
Used Car Dealers
Party Supplies
Soul Food
Team Building Activities
Walking Tours
Scavenger Hunts
Machine Shops
Irish Pub
Coffee Roasteries
Endocrinologists
Golf Lessons
Golf Equipment
Rest Stops
Oral Surgeons
Ethnic Food
Bike Rentals
Gluten-Free
Food Tours
Art Galleries
Latin American
Eyebrow Services
Men's Hair Salons
Comfort Food
Windows Installation
Refinishing Services
Shoe Repair
Acai Bowls
Pet Training
Food Stands
Public Art
Elementary Schools
Animal Shelters
Seafood Markets
Self Storage
Auto Insurance
Registration Services
Guest Houses
Historical Tours
Family Practice
Countertop Installation
Building Supplies
Interior Design
Military Surplus
Medical Supplies
Hair Loss Centers
Walk-in Clinics
Middle Eastern
Wholesale Stores
Brewing Supplies
Cosmetology Schools
Escape Games
Head Shops
Puerto Rican
Pet Stores
Jewelry Repair
Shopping Centers
Whiskey Bars
Session Photography
Pet Photography
Real Estate Services
Real Estate Photography
Event Photography
Electronics Repair
Mobile Phone Repair
Gutter Services
Insulation Installation
Leather Goods
Furniture Reupholstery
Security Systems
Security Services
Septic Services
Roadside Assistance
Cannabis Collective
Cannabis Clinics
Cannabis Dispensaries
Home Window Tinting
Car Window Tinting
Vehicle Wraps
Transmission Repair
Sports Clubs
Recreation Centers
Art Schools
Car Stereo Installation
Bespoke Clothing
Dry Cleaning
Permanent Makeup
Challenge Courses
Formal Wear
Farmers Market
Pediatric Dentists
Massage Therapy
Imported Food
Garage Door Services
University Housing
Property Management
Furniture Assembly
Furniture Repair
Party Equipment Rentals
Virtual Reality Centers
Amusement Parks
Laser Tag
Race Tracks
Mini Golf
Go Karts
Community Centers
Day Camps
Summer Camps
Metal Fabricators
Patio Coverings
Signmaking
Tea Rooms
Barre Classes
Recycling Center
Demolition Services
Carpet Installation
Bar Crawl
Dive Bars
Haunted Houses
Home Inspectors
Skate Parks
Ski Resorts
Creperies
Tutoring Centers
Test Preparation
Adult Education
Dance Studios
Party Bus Rentals
Appraisal Services
Fabric Stores
Lice Services
Dental Hygienists
Commercial Real Estate
Service Stations
Personal Injury Law
Radio Stations
Mass Media
Adult Entertainment
Dance Clubs
Jet Skis
Boat Charters
Boat Tours
Shared Office Spaces
Supernatural Readings
Psychic Mediums
Watch Repair
Graphic Design
Trophy Shops
Office Equipment
Motorcycle Repair
Tapas Bars
Outlet Stores
Pawn Shops
Gold Buyers
Outdoor Furniture Stores
Paint Stores
Smog Check Stations
Dog Walkers
Teeth Whitening
Souvenir Shops
Thrift Stores
Donation Center
International Grocery
Meat Shops
RV Parks
Vinyl Records
Pool Halls
Skating Rinks
Rehabilitation Center
Kitchen Supplies
Police Departments
Home Staging
Boot Camps
Prosthodontists
Employment Law
Workers Compensation Law
Water Delivery
Packing Supplies
Packing Services
Spiritual Shop
Religious Items
Lighting Stores
Herbal Shops
Commercial Truck Repair
Farm Equipment Repair
Alternative Medicine
Medical Cannabis Referrals
Data Recovery
Home Theatre Installation
Home Automation
TV Mounting
Pet Boarding
Amateur Sports Teams
Nail Technicians
Post Offices
Motorsport Vehicle Dealers
Motorsport Vehicle Repairs
Motorcycle Dealers
Tanning Beds
Spray Tanning
Educational Services
Wine Tasting Room
Personal Chefs
Legal Services
Flea Markets
Structural Engineers
Air Duct Cleaning
Martial Arts
Acne Treatment
Skate Shops
Shoe Shine
Floral Designers
Themed Cafes
Water Purification Services
Water Suppliers
Web Design
Home Network Installation
Plastic Surgeons
Damage Restoration
Screen Printing
Excavation Services
Assisted Living Facilities
Retirement Homes
Memory Care
Cycling Classes
Aerial Fitness
Car Buyers
Cultural Center
Hearing Aid Providers
Gay Bars
Driving Schools
Financial Advising
Tax Services
Firearm Training
Laboratory Testing
Solar Installation
Plus Size Fashion
Billing Services
Cardio Classes
Flight Instruction
Aerial Tours
Interval Training Gyms
Occupational Therapy
Speech Therapists
Pool Cleaners
House Sitters
Pet Hospice
Pet Transportation
Print Media
Digitizing Services
Roof Inspectors
Airport Lounges
Television Service Providers
Food Court
Life Insurance
Scuba Diving
Comedy Clubs
Hong Kong Style Cafe
Fireplace Services
Allergists
Cosmetic Surgeons
Payroll Services
Botanical Gardens
General Litigation
Modern European
Car Auctions
Pan Asian
New Mexican Cuisine
Wine Tasting Classes
Tasting Classes
Donairs
Surf Schools
Beach Equipment Rentals
Indoor Playcentre
Private Tutors
Bingo Halls
Boat Repair
Massage Schools
Childbirth Education
Environmental Testing
Auto Loan Providers
Grilling Equipment
Cremation Services
Business Consulting
Water Stores
Employment Agencies
Cheese Shops
Private Investigation
IV Hydration
Christmas Trees
Tiki Bars
Golf Equipment Shops
Safe Stores
Departments of Motor Vehicles
Waldorf Schools
Reproductive Health Services
Horse Equipment Shops
Self-defense Classes
Muay Thai
Float Spa
Fire Protection Services
Aquarium Services
Paint-Your-Own Pottery
Dim Sum
Hot Pot
Country Clubs
Kitchen Incubators
Emergency Pet Hospital
Dance Schools
Town Car Service
Clock Repair
Balloon Services
Outdoor Power Equipment Services
Farming Equipment
Emergency Rooms
Boat Dealers
Real Estate Law
Bankruptcy Law
Kids Hair Salons
Trailer Rental
Boudoir Photography
EV Charging Stations
Pet Breeders
Home Organization
Battery Stores
Petting Zoos
Art Restoration
Threading Services
Piano Stores
Piano Services
Musical Instrument Services
Music Production Services
Snow Removal
Glass Blowing
Axe Throwing
Henna Artists
Customized Merchandise
Grout Services
Bike Sharing
Chimney Sweeps
Ultrasound Imaging Centers
Sleep Specialists
Dive Shops
Home Developers
Mobile Home Repair
Body Contouring
Pet Cremation Services
Clothing Rental
Medical Transportation
Brazilian Jiu-jitsu
Art Tours
Leisure Centers
Brasseries
Used Bookstore
Auto Upholstery
Yelp Events
Personal Assistants
Bounce House Rentals
Circuit Training Gyms
Knife Sharpening
Lactation Services
Water Parks
Art Space Rentals
Piano Bars
Health Retreats
Television Stations
Airport Terminals
Religious Schools
Vacation Rental Agents
Valet Services
Commercial Truck Dealers
Traffic Schools
Popcorn Shops
Pop-Up Restaurants
Hydro-jetting
Cigar Bars
Well Drilling
Special Education
Wedding Chapels
Strip Clubs
Business Law
Estate Planning Law
Local Fish Stores
Cooking Schools
Ethnic Grocery
Cooking Classes
Disc Golf
Mobile Dent Repair
Pet Insurance
Free Diving
Bus Rental
Public Relations
Bird Shops
Hockey Equipment
Surf Shop
Home Energy Auditors
Placenta Encapsulations
Shredding Services
Homeowner Association
Bartending Schools
Home Health Care
Tui Na
Art Museums
Foundation Repair
Guitar Stores
Club Crawl
High Fidelity Audio Equipment
Social Security Law
Health Insurance Offices
Rock Climbing
Business Financing
Dumpster Rental
Attraction Farms
Pick Your Own Farms
Ticket Sales
Photo Booth Rentals
Bicycle Paths
Cideries
Language Schools
Skilled Nursing
Career Counseling
Auto Security
Estate Liquidation
Immigration Law
Restaurant Supplies
Public Markets
Car Brokers
Car Share Services
Architectural Tours
Olive Oil
Tattoo Removal
Private Schools
Shaved Snow
Powder Coating
Train Stations
Batting Cages
Pet Waste Removal
Nanny Services
Food Banks
Champagne Bars
Environmental Abatement
Health Coach
Bike Repair
Crane Services
Holiday Decorations
Ethical Grocery
Immunodermatologists
Vehicle Shipping
Talent Agencies
Party Bike Rentals
Horseback Riding
Beverage Store
Safety Equipment
Car Inspectors
Pole Dancing Classes
Nursing Schools
Scooter Rentals
Pop-up Shops
Addiction Medicine
Photography Classes
Drive-Thru Bars
Bike tours
Translation Services
Sports Betting
Stucco Services
Nurse Practitioner
Grill Services
Emergency Medicine
CPR Classes
Preventive Medicine
Striptease Dancers
Qi Gong
Tai Chi
Software Development
LAN Centers
Trivia Hosts
Land Surveying
Reptile Shops
Vascular Medicine
Horse Boarding
Crisis Pregnancy Centers
Faith-based Crisis Pregnancy Centers
Traffic Ticketing Law
Mobile Home Parks
Commissioned Artists
Baseball Fields
Pumpkin Patches
Tenant and Eviction Law
Proctologists
Parent Cafes
Debt Relief Services
Drive-In Theater
Chinese Martial Arts
Editorial Services
Playsets
Country Dance Halls
Medical Law
Gerontologists
Japanese Curry
Buddhist Temples
Private Jet Charter
Hot Air Balloons
Montessori Schools
South African
Ski Schools
Dinner Theater
Animal Physical Therapy
Visitor Centers
Face Painting
Golf Cart Dealers
Carpet Dyeing
Product Design
Holistic Animal Care
Drama Schools
Concept Shops
Adoption Services
Unofficial Yelp Events
Electricity Suppliers
Indoor Landscaping
Game Truck Rental
Backflow Services
Portable Toilet Services
DIY Auto Shop
General Festivals
Artificial Turf
Racing Experience
Infectious Disease Specialists
Retina Specialists
Party Characters
Sri Lankan
Mobile Home Dealers
Horse Racing
Hybrid Car Repair
Spin Classes
Diamond Buyers
Process Servers
Aircraft Repairs
Tax Law
Concierge Medicine
Behavior Analysts
Whale Watching Tours
Art Consultants
Art Installation
Holiday Decorating Services
Bail Bondsmen
Elevator Services
Public Adjusters
Silent Disco
Sperm Clinic
Golf Cart Rentals
Supper Clubs
First Aid Classes
Community Gardens
Vermouth Bars
Hazardous Waste Disposal
Solar Panel Cleaning
Furniture Rental
Beer Hall
Veterans Organizations
Fur Clothing
Hang Gliding
Sex Therapists
Elder Care Planning
Mortuary Services
Duplication Services
Disability Law
College Counseling
Aircraft Dealers
Otologists
Currency Exchange
Foot Care
Senior Centers
Homeless Shelters
Traditional Clothing
Fire Departments
Outdoor Movies
Sport Equipment Hire
Fuel Docks
Teacher Supplies
Oxygen Bars
Parklets
Town Hall
Bike Shop
3D Printing
Biohazard Cleanup
Neurotologists
Apartment Agents
Hotel bar
Elder Law
Sports Psychologists
Luggage Storage
Bike Parking
Beach Bars
Bus Stations
Contract Law
Hindu Temples
DUI Schools
Consumer Law
Patent Law
Cannabis Tours
Bocce Ball
Scooter Tours
Housing Cooperatives
Cheese Tasting Classes
Animal Assisted Therapy
Vocal Coach
Eastern European
Interlock Systems
Ice Delivery
Storefront Clinics
Metal Detector Services
Wildlife Hunting Ranges
Fencing Clubs
Cucina campana
Dart Arenas
Circus Schools
Karaoke Rental
Halfway Houses
Mohels
Aviation Services
Conveyor Belt Sushi
Dialysis Clinics
Natural Gas Suppliers
Serbo Croatian
Ceremonial Clothing
Bubble Soccer
Trade Fairs

