IT Services & Computer Repair,It_service,
Fitness & Instruction,Fitnes,
Door Sales/Installation,Door_sale,
Pool & Hot Tub Service,,Hot_tub_service
Check Cashing/Pay-day Loans,Check_cashing,Pay-day_loan
Windshield Installation & Repair,Windshield_installation,
ATV Rentals/Tours,Atv_rental,
Tapas/Small Plates,,Small_plate
Hunting & Fishing Supplies,,Fishing_supply
Photography Stores & Services,Photography_store,
Blow Dry/Out Services,,Out_service
Cosmetics & Beauty Supply,,Beauty_supply
Heating & Air Conditioning/HVAC,Heating_&_air_conditioning,
Wheel & Rim Repair,,Rim_repair
Water Heater Installation/Repair,Water_heater_installation,
Passport & Visa Services,,Visa_service
Generator Installation/Repair,Generator_installation,
Ear Nose & Throat,Ear_nose,
Drywall Installation & Repair,Drywall_installation,
Blood & Plasma Donation Centers,,Plasma_donation_center
Mobility Equipment Sales & Services,Mobility_equipment_sale,
Home & Rental Insurance,,Rental_insurance
Motorcycle Parts & Supplies,Motorcycle_part,
Fitness/Exercise Equipment,Fitnes,
Ski & Snowboard Shops,,Snowboard_shop
Hypnosis/Hypnotherapy,Hypnosi,
Coffee & Tea Supplies,,Tea_supply
Audio/Visual Equipment Rental,,Visual_equipment_rental
Boat Parts & Supplies,Boat_part,
Sheds & Outdoor Storage,,Outdoor_storage
Sauna Installation & Repair,Sauna_installation,
