Naturopathic/Holistic,Naturopathic,Holistic
Health & Medical,Health,Medical
Home & Garden,Home,Garden
Coffee & Tea,Coffee,Tea
Ice Cream & Frozen Yogurt,Ice Cream,Frozen Yogurt
Breakfast & Brunch,Breakfast,Brunch
Auto Parts & Supplies,Auto Parts,Supplies
Vitamins & Supplements,Vitamins,Supplements
Hotels & Travel,Hotels,Travel
Music & Video,Music,Video
Arts & Entertainment,Arts,Entertainment
Event Planning & Services,Event Planning,Services
IT Services & Computer Repair,IT Services,Computer Repair
Beauty & Spas,Beauty,Spas
Jazz & Blues,Jazz,Blues
Fitness & Instruction,Fitness,Instruction
Juice Bars & Smoothies,Juice Bars,Smoothies
Eyewear & Opticians,Eyewear,Opticians
Appliances & Repair,Appliances,Repair
Chocolatiers & Shops,Chocolatiers,Shops
Baby Gear & Furniture,Baby Gear,Furniture
Banks & Credit Unions,Banks,Credit Unions
Wine & Spirits,Wine,Spirits
Keys & Locksmiths,Keys,Locksmiths
Venues & Event Spaces,Venues,Event Spaces
Fruits & Veggies,Fruits,Veggies
Masonry/Concrete,Masonry,Concrete
Party & Event Planning,Party,Event Planning
Cajun/Creole,Cajun,Creole
Couriers & Delivery Services,Couriers,Delivery Services
Public Services & Government,Public Services,Government
Flowers & Gifts,Flowers,Gifts
Embroidery & Crochet,Embroidery,Crochet
Arts & Crafts,Arts,Crafts
Child Care & Day Care,Child Care,Day Care
Glass & Mirrors,Glass,Mirrors
Door Sales/Installation,Door Sales,Installation
Hot Tub & Pool,Hot Tub,Pool
Pool & Hot Tub Service,Pool,Hot Tub Service
Check Cashing/Pay-day Loans,Check Cashing,Pay-day Loans
Patisserie/Cake Shop,Patisserie,Cake Shop
Live/Raw Food,Live,Raw Food
Decks & Railing,Decks,Railing
Bed & Breakfast,Bed,Breakfast
Stadiums & Arenas,Stadiums,Arenas
Music & DVDs,Music,DVDs
Windshield Installation & Repair,Windshield Installation,Repair
Obstetricians & Gynecologists,Obstetricians,Gynecologists
ATV Rentals/Tours,ATV Rentals,Tours
Tapas/Small Plates,Tapas,Small Plates
Hunting & Fishing Supplies,Hunting,Fishing Supplies
Bike Repair/Maintenance,Bike Repair,Maintenance
Photography Stores & Services,Photography Stores,Services
Blow Dry/Out Services,Blow Dry,Out Services
Sewing & Alterations,Sewing,Alterations
Dry Cleaning & Laundry,Dry Cleaning,Laundry
Musical Instruments & Teachers,Musical Instruments,Teachers
Community Service/Non-Profit,Community Service,Non-Profit
Counseling & Mental Health,Counseling,Mental Health
Kitchen & Bath,Kitchen,Bath
Laser Eye Surgery/Lasik,Laser Eye Surgery,Lasik
Nurseries & Gardening,Nurseries,Gardening
Cosmetics & Beauty Supply,Cosmetics,Beauty Supply
Heating & Air Conditioning/HVAC,Heating & Air Conditioning,HVAC
Junk Removal & Hauling,Junk Removal,Hauling
Pool & Billiards,Pool,Billiards
Paint & Sip,Paint,Sip
Guns & Ammo,Guns,Ammo
Fences & Gates,Fences,Gates
Wheel & Rim Repair,Wheel,Rim Repair
Swimming Lessons/Schools,Swimming Lessons,Schools
Rafting/Kayaking,Rafting,Kayaking
Fish & Chips,Fish,Chips
Vintage & Consignment,Vintage,Consignment
Videos & Video Game Rental,Videos,Video Game Rental
Herbs & Spices,Herbs,Spices
Water Heater Installation/Repair,Water Heater Installation,Repair
Landmarks & Historical Buildings,Landmarks,Historical Buildings
Lighting Fixtures & Equipment,Lighting Fixtures,Equipment
Passport & Visa Services,Passport,Visa Services
Shades & Blinds,Shades,Blinds
Vocational & Technical School,Vocational,Technical School
Divorce & Family Law,Divorce,Family Law
Generator Installation/Repair,Generator Installation,Repair
Ear Nose & Throat,Ear Nose,Throat
Drywall Installation & Repair,Drywall Installation,Repair
Gun/Rifle Ranges,Gun,Rifle Ranges
Recording & Rehearsal Studios,Recording,Rehearsal Studios
Screen Printing/T-Shirt Printing,Screen Printing,T-Shirt Printing
Persian/Iranian,Persian,Iranian
Blood & Plasma Donation Centers,Blood,Plasma Donation Centers
Funeral Services & Cemeteries,Funeral Services,Cemeteries
Jails & Prisons,Jails,Prisons
Mobility Equipment Sales & Services,Mobility Equipment Sales,Services
Home & Rental Insurance,Home,Rental Insurance
Cards & Stationery,Cards,Stationery
Middle Schools & High Schools,Middle Schools,High Schools
Motorcycle Parts & Supplies,Motorcycle Parts,Supplies
Fitness/Exercise Equipment,Fitness,Exercise Equipment
Livestock Feed & Supply,Livestock Feed,Supply
Machine & Tool Rental,Machine,Tool Rental
Newspapers & Magazines,Newspapers,Magazines
Colleges & Universities,Colleges,Universities
Ski & Snowboard Shops,Ski,Snowboard Shops
Trusts & Probates,Trusts,Probates
Prenatal/Perinatal Care,Prenatal,Perinatal Care
Video/Film Production,Video,Film Production
Himalayan/Nepalese,Himalayan,Nepalese
Hypnosis/Hypnotherapy,Hypnosis,Hypnotherapy
Gemstones & Minerals,Gemstones,Minerals
Coffee & Tea Supplies,Coffee,Tea Supplies
Races & Competitions,Races,Competitions
Audio/Visual Equipment Rental,Audio,Visual Equipment Rental
Undersea/Hyperbaric Medicine,Undersea,Hyperbaric Medicine
Opera & Ballet,Opera,Ballet
Boat Parts & Supplies,Boat Parts,Supplies
IP & Internet Law,IP,Internet Law
Sheds & Outdoor Storage,Sheds,Outdoor Storage
Sauna Installation & Repair,Sauna Installation,Repair
